-- phpMyAdmin SQL Dump
-- version 3.5.1
-- http://www.phpmyadmin.net
--
-- Servidor: localhost
-- Temps de generació: 23-03-2016 a les 23:20:57
-- Versió del servidor: 5.5.24-log
-- Versió de PHP: 5.4.3

SET SQL_MODE="NO_AUTO_VALUE_ON_ZERO";
SET time_zone = "+00:00";


/*!40101 SET @OLD_CHARACTER_SET_CLIENT=@@CHARACTER_SET_CLIENT */;
/*!40101 SET @OLD_CHARACTER_SET_RESULTS=@@CHARACTER_SET_RESULTS */;
/*!40101 SET @OLD_COLLATION_CONNECTION=@@COLLATION_CONNECTION */;
/*!40101 SET NAMES utf8 */;

--
-- Base de dades: `discografica`
--

-- --------------------------------------------------------

--
-- Estructura de la taula `cançó`
--

CREATE TABLE IF NOT EXISTS `cançó` (
  `ID` int(11) NOT NULL AUTO_INCREMENT,
  `nom` varchar(200) CHARACTER SET utf8 NOT NULL,
  `duració` int(11) DEFAULT NULL,
  `grup_ID` int(11) NOT NULL,
  PRIMARY KEY (`ID`),
  KEY `Cançó_Grup` (`grup_ID`)
) ENGINE=InnoDB  DEFAULT CHARSET=utf8 COLLATE=utf8_unicode_ci AUTO_INCREMENT=419 ;

--
-- Bolcant dades de la taula `cançó`
--

INSERT INTO `cançó` (`ID`, `nom`, `duració`, `grup_ID`) VALUES
(1, 'Viure', 3, 126),
(2, 'Cos meu recorda', 2, 93),
(3, 'Desalojos son disturbios', 3, 101),
(4, 'Un tros de fang', 3, 128),
(5, 'La balada de la garsa i l''esmerla', 3, 93),
(6, 'Jo tenc una enamorada', 4, 145),
(7, 'Aniversari', 6, 118),
(8, 'Benvolgut', 4, 118),
(9, 'La gent normal', 4, 118),
(10, 'Dona estrangera', 5, 118),
(11, 'Al mar (en directe)', 4, 118),
(12, 'Ens en sortim', 4, 118),
(13, 'Dorm', 4, 168),
(14, 'Com un nen petit', 4, 168),
(15, 'Què vols de mi?', 2, 168),
(16, 'B.L.Ü.E', 5, 28),
(17, 'L''Oucomballa', 4, 35),
(18, 'Silenci', 3, 171),
(19, 'Altres tempestes', 3, 65),
(20, 'Dóna''m la mà', 4, 2),
(21, 'Mama, caca!', 5, 175),
(22, 'Tots es motors', 4, 17),
(23, 'No apte', 3, 19),
(24, 'Un cop més', 3, 120),
(25, 'Acció directa', 4, 101),
(26, 'Començar de nou', 3, 100),
(27, 'Pau', 4, 59),
(28, 'Agost', 4, 59),
(29, 'Soroll', 2, 59),
(30, 'Calafell', 3, 59),
(31, 'Tractor tuning', 2, 9),
(32, 'Divisa', 4, 159),
(33, 'Futur incert', 4, 150),
(34, 'Dins aquest iglú (versió simfònica)', 3, 17),
(35, 'Alegria...', 3, 17),
(40, 'Per una copa', 4, 110),
(41, 'La meva terra és el mar', 4, 110),
(42, 'Miami Beach', 4, 110),
(43, 'Amb tu', 5, 110),
(44, 'Tinc fam de tu', 3, 110),
(45, 'Trepitja fort', 3, 110),
(46, 'KNY', 3, 52),
(47, 'Animal', 3, 170),
(48, 'Moment', 2, 170),
(49, 'Je t''aime', 3, 15),
(50, 'Corro sota la pluja', 4, 15),
(51, 'Trini Sanchez Mata', 5, 15),
(52, 'Ho tornaria a fer', 2, 71),
(53, 'Una nova vida', 4, 104),
(54, 'Poema Dels Oprimits', 5, 96),
(55, 'La mètrica perfecta', 3, 1),
(56, 'Teresa Rampell', 5, 118),
(57, 'Ràdio', 3, 77),
(58, 'Dies freds, demàs calents', 3, 94),
(60, 'El que diuen els arbres', 2, 62),
(61, 'Tornarem', 4, 174),
(62, 'Wa yeah', 3, 17),
(63, 'L''home que treballa fent de gos', 4, 56),
(64, 'Jean Luc', 4, 56),
(65, 'Reykjavík', 4, 56),
(66, 'Viure', 3, 130),
(67, 'Un pam de nas', 3, 164),
(68, 'Pren el carrer', 3, 164),
(69, 'Quan tot s''enlaira', 3, 164),
(70, 'Amagada primavera', 3, 164),
(71, 'En caravana', 2, 164),
(72, 'Benvinguts', 3, 164),
(73, 'Per art de màgia', 2, 164),
(74, 'No deixis de caminar', 1, 164),
(75, 'Sempre balla', 3, 164),
(76, 'Arriba la nit', 3, 164),
(77, 'Vola', 4, 164),
(78, 'La dansa del vestit', 3, 164),
(79, 'Rumba d''amore', 4, 157),
(80, 'Bigoti Vermell', 2, 15),
(81, 'Lo secret', 4, 174),
(82, 'Tradicions', 4, 174),
(83, 'Sé', 3, 26),
(84, 'No escoltes mai', 3, 26),
(85, 'Difícil d''oblidar', 3, 26),
(86, 'Dins un avió de paper', 2, 87),
(87, 'Final feliç', 3, 87),
(88, 'Massa jove per fer-me gran', 4, 59),
(89, 'Sebastià', 4, 59),
(90, 'Una estona de cel', 4, 59),
(91, 'Bon dia', 4, 59),
(92, 'El far del sud', 4, 155),
(93, 'Nina ensucrada', 3, 165),
(94, 'L''oceà', 4, 81),
(95, 'Queda''t amb mi', 4, 167),
(96, 'Camina descalç', 3, 115),
(97, 'El teu tresor', 3, 115),
(98, 'Vola amb mi (Flying Free)', 1, 57),
(99, 'Me''n vaig al camp', 3, 57),
(100, 'Jenifer', 4, 57),
(101, 'Potser vindré', 3, 57),
(102, 'La barba', 3, 57),
(103, 'La festa major d''Aiguafreda', 4, 57),
(104, 'La noia de la plaça', 4, 57),
(105, 'Nou Barris', 3, 57),
(106, 'Tots menys tu', 4, 57),
(107, 'La rumba de Barcelona', 3, 66),
(108, 'Ja sóc aquí', 4, 66),
(109, 'El carrer dels jocs florals', 3, 86),
(110, 'Desapareixo', 3, 86),
(111, 'Déjà-vu', 2, 56),
(112, 'A vegades', 5, 56),
(113, 'La presó del rei de França', 4, 35),
(114, 'Clava''t', 5, 46),
(115, 'Com anar al cel i tornar', 6, 59),
(116, 'Com un fantasma', 3, 33),
(117, 'Independència i llibertat', 2, 132),
(118, 'L''ocell', 2, 82),
(119, 'El camí', 2, 82),
(120, 'Volaré per tornar a caure', 4, 42),
(121, 'Navegant pel món', 3, 42),
(122, 'Si tanque els ulls', 4, 130),
(123, 'El gran circ dels invisibles', 4, 130),
(124, 'Seguirem', 4, 130),
(125, 'Al país de l''olivera', 4, 130),
(126, 'La vida sense tu', 4, 130),
(127, 'Portaavions', 1, 17),
(128, 'Orgull de classe', 3, 74),
(129, 'Quan la nit dorm', 4, 138),
(130, 'Auguris', 3, 55),
(131, 'Adéu siau', 3, 136),
(132, 'De Bosc II', 5, 136),
(133, 'Un gran riu de fang', 4, 136),
(134, 'Puc ser jo', 3, 171),
(135, 'De mica en mica', 4, 85),
(136, 'No tinc força', 2, 112),
(137, 'El boig de la ciutat', 3, 155),
(138, 'Que bonica estàs', 3, 166),
(139, 'Dies de sol', 2, 166),
(140, 'De matí', 3, 102),
(141, 'Companya', 3, 90),
(142, 'Sabem fer i fem saber', 4, 90),
(143, 'Pot ser', 3, 51),
(144, 'Només tu', 3, 10),
(145, 'Ja surt el sol', 3, 169),
(146, 'Prop dels estels', 4, 24),
(147, 'Em dónes força', 4, 153),
(148, 'Tornarem', 3, 149),
(149, 'La Catarineta per la Mercè', 3, 53),
(150, 'El camí cap a nosaltres', 3, 32),
(151, 'Avui serem el món', 3, 32),
(152, 'Desperta''t en mi', 3, 89),
(153, 'El meu carrer', 4, 109),
(154, 'L''enèssima cançó d''amor', 3, 108),
(155, 'La República De la Tramuntana', 3, 117),
(156, 'El tren de Mitjanit', 3, 152),
(157, 'Tu encens el meu foc', 4, 152),
(158, 'La Maria és un animal', 2, 3),
(159, 'Nana per a nenes modernes', 2, 3),
(160, 'Ja no sap greu', 2, 137),
(161, 'Seguirem somiant', 4, 155),
(162, 'Bicicletes', 3, 27),
(163, 'Pa amb oli i sal', 3, 27),
(164, 'Boletaires', 3, 41),
(165, 'El Dimoni dins jo', 3, 163),
(166, 'Empremta', 3, 99),
(167, 'En un poble oprimit', 2, 162),
(168, 'Energia', 3, 29),
(169, 'Més senzill', 3, 42),
(170, 'La realitat', 3, 158),
(171, 'Diari d''una guerra', 5, 131),
(172, 'Tornaràs', 4, 131),
(173, 'Monsieur Cousteau', 5, 56),
(174, 'Ara i aquí', 4, 24),
(175, 'La Colla', 3, 59),
(176, 'Por', 3, 59),
(177, 'Missatge codificat', 3, 31),
(178, 'Mai no és massa tard', 3, 64),
(179, 'El dubte', 2, 124),
(180, 'Natura morta', 2, 124),
(181, 'Un dimecres qualsevol', 3, 59),
(182, 'Jo i ningú', 2, 59),
(183, 'El que val la pena de veritat', 3, 59),
(184, 'Colpeja fort', 4, 103),
(185, 'Des de Mallorca a l''Alguer', 4, 122),
(186, 'Compta-hi', 4, 96),
(187, 'La lluna', 3, 96),
(188, 'Gira', 3, 30),
(189, 'Ara', 3, 110),
(190, 'Ves-te''n tu', 3, 148),
(191, 'El senyor del castell', 3, 76),
(192, 'Un poble viu', 3, 23),
(193, 'Himne per a la Independència', 5, 91),
(194, 'Així i tot', 4, 78),
(195, 'L''univers', 3, 78),
(196, 'Si véns', 3, 78),
(197, 'La violació', 3, 8),
(198, 'Papa, jo vull ser torero', 3, 8),
(199, 'Que tinguem sort', 3, 116),
(200, 'Junts', 4, 88),
(201, '1979', 2, 83),
(202, 'Si ens veiessis', 4, 83),
(203, 'Jo mai mai', 5, 83),
(204, 'Es moment', 3, 37),
(205, 'Clau de fa', 3, 30),
(206, 'Glaucoma', 4, 98),
(207, 'Dia boig', 2, 98),
(208, 'Presó mental', 3, 98),
(209, 'Estat de xoc', 4, 50),
(210, 'Deixalles', 3, 50),
(211, 'La primavera', 4, 113),
(212, 'Quan la nit cau a terra', 4, 113),
(213, 'No estiguis trista', 3, 77),
(214, 'L''últim heretge', 3, 103),
(215, 'Cassalla paradaise', 4, 103),
(216, 'Apocalipsi', 3, 103),
(217, 'Han atropellat el gat', 3, 60),
(218, 'El Trineu', 3, 60),
(219, 'Nit de Sant Joan', 6, 79),
(220, 'La Pelu', 4, 139),
(221, 'Serrallonga', 4, 5),
(222, 'Ales en sang', 3, 61),
(223, 'Que pari tot', 3, 92),
(224, 'En clau de futur', 3, 92),
(225, 'Hosanna', 3, 32),
(226, 'La petita rambla del Poble Sec', 3, 32),
(227, 'Al final d''aquest viatge', 3, 32),
(228, 'Abril de 1984', 3, 32),
(229, 'No hi ha problemes', 3, 114),
(230, 'Calgary 88', 3, 17),
(231, 'Me sobren paraules', 2, 17),
(232, 'Clint Eastwood', 4, 17),
(233, 'Caic', 3, 68),
(234, 'Quan es faci fosc', 4, 155),
(235, 'Jo vull ser la meva iaia', 3, 105),
(236, 'La platja', 3, 105),
(237, 'Els Contrabandistes', 3, 93),
(238, 'Llença''t', 4, 110),
(239, 'Mai diguis mai a un mai', 4, 110),
(240, 'Com m''agrades', 3, 171),
(241, 'A fora', 3, 171),
(242, 'Bona nit', 3, 59),
(243, 'Baobab', 5, 36),
(244, 'Me moles', 4, 139),
(245, 'En un instant', 3, 154),
(246, 'La festa d''Igualada', 2, 159),
(247, 'Tocat del bolet', 3, 159),
(248, 'Monique l''alcoholique', 3, 106),
(249, 'Irreals', 3, 14),
(250, 'Cada nit', 3, 14),
(251, 'El nus de la corbata', 2, 62),
(252, 'Història d''un sofà', 3, 62),
(253, 'Naixen Primaveres', 3, 18),
(254, 'No perdis l''esperança', 3, 95),
(255, 'Sols el poble salva el poble', 4, 101),
(256, 'Que boig el món', 4, 110),
(257, 'Inauguració', 3, 29),
(258, 'Més', 5, 29),
(259, 'No tornaran', 3, 171),
(260, 'Ser diferent', 3, 4),
(261, 'Aquesta nit', 5, 45),
(262, 'Corren', 4, 72),
(263, 'L''illa', 4, 72),
(264, 'No és nou', 3, 72),
(265, 'Nits de glòria', 3, 72),
(266, 'En un instant', 4, 72),
(267, 'El meu radar', 3, 3),
(268, 'Alfabet', 3, 147),
(269, 'Bones vibracions', 2, 43),
(270, 'Abraça''m', 2, 114),
(271, 'Bona nit', 2, 123),
(272, 'Fil de llum', 3, 13),
(273, 'Els teus somnis', 3, 155),
(274, 'Camins (en directe)', 3, 155),
(275, 'Sota una estrella', 3, 155),
(276, 'Busco', 2, 65),
(277, 'Laberint', 3, 65),
(278, 'El piano', 4, 65),
(279, 'Vull estar amb tu', 3, 57),
(280, 'Invencibles', 3, 57),
(281, 'Tokyo', 3, 57),
(282, 'Rumbeta bona', 3, 47),
(283, 'Viu-la', 3, 64),
(284, 'Reflex', 2, 80),
(285, 'Qualsevol nit pot sortir el sol', 5, 79),
(286, 'La muntanya', 2, 161),
(287, 'Per què ho faria?', 2, 158),
(288, 'Diga''m que ets per mi', 2, 73),
(289, 'La Ratafia', 4, 159),
(290, 'La rumba del calçot', 4, 159),
(291, 'Ninots', 3, 173),
(292, 'Boig per tu', 5, 152),
(293, 'És inútil continuar', 4, 152),
(294, 'Bruna', 3, 97),
(295, 'Perdut', 4, 110),
(296, 'Noia de vidre', 4, 59),
(297, 'Et miro i dorms', 3, 59),
(298, 'Estúpidament feliç', 3, 59),
(299, 'Les coses', 4, 6),
(300, 'Taxista', 3, 60),
(301, 'Mentides', 3, 143),
(302, 'Camals mullats', 5, 103),
(303, 'Quina calitja', 3, 103),
(304, 'Color rosa', 2, 24),
(305, 'Tots els botons', 3, 24),
(306, 'Terra Trencada', 3, 24),
(307, 'Saber-te estimar', 3, 24),
(308, 'Saps com comença però mai com s''acaba', 2, 139),
(309, 'Sempre més', 3, 29),
(310, 'Compta amb mi', 4, 42),
(311, 'Sentit únic', 4, 34),
(312, 'Neda i guarda la roba', 5, 7),
(313, '4000 bavosos', 3, 9),
(314, 'Inventari (Pau Alabajos)', 2, 12),
(315, 'Salvem el món', 3, 16),
(316, 'At Versaris en La TuerKa Rap', 2, 19),
(317, 'Eduard', 5, 49),
(318, 'Perdre''m pel teu cos', 4, 58),
(319, 'Sol al vespre', 4, 58),
(320, 'El Maqui', 5, 58),
(321, 'Ella pensa en tu', 3, 58),
(322, 'Sense equipatge', 4, 58),
(323, 'Records', 4, 58),
(324, 'D''aquí cap allà', 3, 58),
(325, 'Al vespre amb tu', 3, 58),
(326, 'La Plaça', 3, 58),
(327, 'Som aquí', 2, 75),
(328, 'Immersió', 3, 77),
(329, 'Al cor de la nit', 3, 20),
(330, 'Tu sí que ets rock ''n'' roll', 3, 20),
(331, 'T''espero', 3, 24),
(332, 'On és l''amor?', 1, 24),
(333, 'Show me the stars', 3, 36),
(334, 'Cop de rock', 3, 38),
(335, 'Gratitud', 3, 39),
(336, 'Fujo de mi', 3, 44),
(337, 'Oda a la cuina catalana', 2, 63),
(338, 'Cada cop que m''emborratxi', 5, 67),
(339, 'Mà en mà', 3, 69),
(340, 'Res tornarà a ser igual', 4, 72),
(341, 'Margalida', 3, 84),
(342, 'Aquí és Nadal i estic content!', 2, 107),
(343, 'Com una oració', 3, 105),
(345, 'L''Estaca', 6, 116),
(346, 'En tres minuts', 2, 119),
(347, 'Somnis de petit', 3, 121),
(348, 'L''àguila negra', 5, 122),
(349, 'Món boig', 3, 125),
(350, 'Herois del segle XXI', 2, 127),
(351, 'Andorra: El meu país no és tan petit', 4, 135),
(352, 'La Via', 3, 139),
(353, 'El mig amic', 3, 141),
(354, 'És el temps', 2, 144),
(355, 'Veles e Vents', 3, 146),
(356, 'Rimapatxa Western', 4, 160),
(357, 'La teva decisió (Get a Life)', 3, 156),
(358, 'Per tu', 3, 167),
(359, 'Amor d''estiu', 3, 172),
(360, 'Amics treballadors', 3, 174),
(361, 'Se''m moren les plantes', 3, 124),
(362, 'Mentides', 3, 151),
(363, 'Quan no hi ets', 2, 71),
(364, 'Dir-li al sol', 3, 54),
(365, 'Aquest cony de temps', 3, 59),
(366, 'Què ens queda?', 3, 59),
(367, 'Per tu', 4, 11),
(368, 'Somiant Despert', 3, 11),
(369, 'L''empordà (en directe)', 3, 155),
(370, 'Vull tornar a sentir', 3, 69),
(371, 'Naixent cada matí', 2, 155),
(372, 'L''espantaocells', 3, 25),
(373, 'Sunglasses', 4, 129),
(374, 'Foc al cor', 4, 21),
(375, 'Glops de temps', 3, 22),
(376, 'Extraterrestres', 3, 17),
(377, 'Sense Equipatge', 5, 134),
(378, 'Tinc una mania inconfessable', 2, 134),
(379, 'Sense tu', 3, 158),
(380, 'Tintin', 3, 57),
(381, 'La Contorsionista', 3, 57),
(382, 'A Catalunya el meu país', 3, 32),
(383, 'La noia de l''Astrolabi', 4, 140),
(384, 'Després de Sopar', 3, 48),
(385, 'Vaig torrat', 3, 41),
(386, 'Sóc d''un país', 4, 29),
(387, 'Tota la nit', 4, 158),
(388, 'No miris enrere', 4, 158),
(389, 'Plan 10', 2, 45),
(390, '2.300 milions', 3, 45),
(391, 'Cuidaré', 3, 153),
(392, 'Podré tornar enrere', 4, 24),
(393, 'Curiós', 2, 70),
(394, 'L''amor és ah', 3, 55),
(395, 'Plou', 3, 55),
(396, 'Un camí per tornar', 3, 168),
(397, 'Tornarem', 3, 168),
(398, 'Santa nit', 4, 39),
(399, 'Una altra galàxia', 4, 133),
(400, 'Nit i boira', 2, 134),
(401, 'Utopics, idealistes, ingenus', 2, 134),
(402, 'Una guitarra', 2, 85),
(403, 'Ella em deixa', 3, 85),
(404, 'Dos és un', 4, 19),
(405, 'Gat rumberu', 2, 107),
(406, 'Radio Bemba', 4, 103),
(407, 'Qui s''ha llufat?', 2, 59),
(408, 'Ulls de color mel', 4, 59),
(409, 'Pantalons curts i els genolls pelats', 4, 59),
(410, 'Cendres', 2, 53),
(411, 'Dol', 2, 53),
(412, 'Cau la neu', 2, 53),
(413, 'Digues què faràs', 3, 143),
(414, 'Això no és la solució', 5, 143),
(415, 'Porto lletres de colors', 5, 142),
(416, 'Diques què faràs', 3, 142),
(417, 'Quan et miro als ulls', 4, 42),
(418, 'Entre la nit i l''aurora', 4, 40);

-- --------------------------------------------------------

--
-- Estructura de la taula `disc`
--

CREATE TABLE IF NOT EXISTS `disc` (
  `ID` int(11) NOT NULL AUTO_INCREMENT,
  `nom` varchar(100) CHARACTER SET utf8 NOT NULL,
  `any_publicació` int(11) NOT NULL,
  `local_ID` int(11) NOT NULL,
  PRIMARY KEY (`ID`),
  KEY `Disc_Local` (`local_ID`)
) ENGINE=InnoDB  DEFAULT CHARSET=utf8 COLLATE=utf8_unicode_ci AUTO_INCREMENT=266 ;

--
-- Bolcant dades de la taula `disc`
--

INSERT INTO `disc` (`ID`, `nom`, `any_publicació`, `local_ID`) VALUES
(1, ' 10 milles per veure una bona armadura ', 2002, 4),
(2, ' 15 i una nit ', 2002, 2),
(3, '1991-2011 Qui va matar a Alfonso Pérez?', 2007, 5),
(4, '30 anys - La Dharma l''arma!', 2009, 7),
(5, '360º', 2002, 3),
(6, '361º', 2004, 3),
(7, '3XL.Dance', 1995, 7),
(8, '5 formigues fan + que 4 elefants', 1994, 6),
(9, 'A cada passa', 2016, 1),
(10, 'A Rússia', 2007, 4),
(11, 'Abans', 2004, 7),
(12, 'Acció directa', 2016, 5),
(13, 'Acopalipsis in la Costa Rara', 1997, 5),
(14, 'Agost', 2008, 2),
(15, 'Agro Rock II', 2004, 3),
(16, 'Aires de Primavera', 2012, 7),
(17, 'Al marge d''un camí', 2008, 6),
(19, 'Alegria', 2007, 1),
(20, 'Amb tu', 2013, 7),
(21, 'Anem a fer-ho fàcil', 2001, 5),
(22, 'Animalia', 1999, 4),
(23, 'Anna Roig i l''Ombre de Ton Chien', 2012, 1),
(24, 'Antologia', 2005, 1),
(25, 'Aquí control', 2011, 5),
(26, 'Argiak', 2016, 1),
(27, 'Assaig/Error', 1998, 6),
(28, 'Atletes, baixin de l''escenari', 2004, 2),
(29, 'Autòmat Infinit', 1998, 6),
(30, 'Avui és demà', 2004, 4),
(31, 'Barricades de paper', 2011, 1),
(32, 'Batecs', 2009, 3),
(33, 'Batiscafo Katiuscas', 2011, 3),
(34, 'Bed&Breakfast', 2013, 7),
(35, 'Benvingut al Paradís', 2014, 5),
(36, 'Benvinguts al llarg viatge', 2014, 5),
(37, 'Berlangastyle', 1997, 4),
(38, 'Bigoti Vermell', 2012, 4),
(39, 'Birla!!!', 2011, 4),
(40, 'Bizarre', 1998, 4),
(41, 'Bombón Mallorquín', 2004, 7),
(42, 'Bon dia', 2012, 6),
(43, 'Bona nit malparits', 2003, 2),
(44, 'Borinots', 2015, 1),
(45, 'Brut', 2012, 3),
(46, 'Busca''t', 2001, 5),
(47, 'Camina descalç', 1997, 1),
(48, 'Cançons 2011', 1995, 6),
(49, 'Carabruta', 2002, 4),
(50, 'Casa murada', 2016, 1),
(51, 'Castafiore Cabaret', 2012, 1),
(52, 'Catalluna', 2012, 2),
(53, 'Clava''t', 2006, 1),
(54, 'Com anar al cel i tornar', 2008, 7),
(55, 'Com un fantasma', 1999, 7),
(56, 'Comissió de festa', 2004, 6),
(57, 'Contra todo pronóstico', 2006, 7),
(58, 'Control', 2015, 7),
(59, 'Coratge', 2013, 7),
(60, 'Coser i cantar', 2006, 2),
(61, 'Cremen les nostres naus!', 2001, 4),
(62, 'Crítica de la raó pura', 2005, 2),
(63, 'De bosc', 2000, 6),
(64, 'De la nit al dia', 1998, 6),
(65, 'De mica en mica', 2012, 3),
(66, 'Després de tot', 1996, 5),
(67, 'D''herois i desastres', 2005, 2),
(68, 'Dies de carretera', 2000, 5),
(69, 'Dies de sol', 2005, 2),
(70, 'Dins la Taifa', 2006, 2),
(71, 'Dolça Victòria', 2012, 3),
(72, 'El camí cap a nosaltres', 1998, 6),
(73, 'El cel, aquí', 2010, 3),
(74, 'El Disc de la Marató', 2005, 4),
(75, 'El gran desgraciat', 2008, 4),
(76, 'El més gran dels pecadors', 2015, 4),
(77, 'El meu món', 1996, 6),
(78, 'El món en un cafè', 2006, 4),
(79, 'El murmullo del fuego', 2000, 6),
(80, 'El Petit de Cal Eril i les sargantanes al sol', 2010, 2),
(81, 'El repte', 2012, 5),
(82, 'El retorn', 2003, 6),
(83, 'El turista', 2004, 2),
(84, 'Els boletaries de l''Empordà', 2010, 1),
(85, 'Els cors ferits', 2004, 7),
(86, 'Empremta', 2003, 7),
(87, 'En un poble oprimit', 2014, 7),
(88, 'Energia', 2014, 4),
(89, 'Equilibri', 2016, 4),
(90, 'Escapa''t amb mi', 2015, 2),
(91, 'Espècies per catalogar', 2013, 7),
(92, 'Esperança rebel', 2001, 2),
(93, 'Família', 2012, 6),
(94, 'Fan teatre', 2008, 7),
(95, 'Fantásticamente hablando', 2003, 5),
(96, 'Farem revolucions', 2009, 4),
(97, 'Fins que la mort ens separi', 2007, 7),
(98, 'Fràgil', 2012, 5),
(99, 'Fruits Sex', 2011, 6),
(100, 'Garrotades', 2007, 7),
(101, 'Gavines i dragons', 1992, 7),
(102, 'Gelditu Denbora', 2014, 3),
(103, 'Gira', 2013, 6),
(104, 'Grans èxits', 2015, 2),
(105, 'Greatest Hits', 2012, 6),
(106, 'Guerres dolcíssimes', 2013, 4),
(107, 'Hamaika gara', 1998, 4),
(108, 'Himne per a la Independència', 1996, 6),
(109, 'Història d''un viatge', 2006, 2),
(110, 'Ho sento molt', 1999, 2),
(111, 'I si canto trist', 1998, 5),
(112, 'Jo faig cançons', 2005, 6),
(113, 'Jo mai mai', 1998, 5),
(114, 'Jocs d''amagat', 1993, 4),
(115, 'Jugues...?', 2015, 6),
(116, 'Kitsch', 2009, 7),
(117, 'La famosa gemma de Galveston', 1997, 1),
(118, 'La mà dels qui t''esperen', 2000, 4),
(119, 'La mirada infinita', 2015, 3),
(120, 'La Nit de Sant Joan', 2012, 4),
(121, 'La Pelu', 1992, 2),
(122, 'La Torrada', 2000, 5),
(123, 'La vida perfecta', 2004, 6),
(124, 'Lamparetes', 2006, 4),
(125, 'Les claus de sal', 2010, 2),
(126, 'Les millors cançons', 2001, 5),
(127, 'Les ratlles del banyador', 2005, 5),
(128, 'L''Estat i la revolució', 2012, 1),
(129, 'L''etern retorn', 1997, 7),
(130, 'L''ingenu és lliure', 1997, 4),
(131, 'Lladre d''amor', 2007, 4),
(132, 'Llença''t', 2014, 3),
(133, 'Lluny', 2003, 3),
(134, 'LP', 2005, 1),
(135, 'L''Últim Heretge', 2006, 2),
(136, 'Malacara', 2008, 7),
(137, 'Males llengües', 2003, 1),
(138, 'Manudu paligru', 1994, 7),
(139, 'Mentre la terra dorm', 2013, 3),
(140, 'Mitjons blancs', 2009, 6),
(141, 'Monique l''alcoholique', 1999, 1),
(142, 'Mons diferents', 2009, 5),
(143, 'Mons irreals', 2015, 1),
(144, 'Musica i lletra', 2006, 6),
(145, 'Naixen Primaveres', 2015, 5),
(146, 'No perdis l''esperança', 2009, 5),
(147, 'Nostrat', 2016, 5),
(148, 'Objectiu la lluna', 2012, 1),
(149, 'Oferta de diàleg', 2016, 2),
(150, 'On', 1998, 2),
(151, 'On sóc ara', 2011, 1),
(152, 'Original Vol. 1', 1998, 3),
(153, 'Oxigen', 1995, 5),
(154, 'Pel·lícules', 2007, 6),
(155, 'Per fi potser demà', 2008, 3),
(156, 'Per la cara', 2000, 4),
(157, 'Per què no es toquen les nostres mans', 2003, 2),
(158, 'Perversions: 15 cançons de Els Pets interpretades per altres músics', 1993, 3),
(159, 'Ping Pong', 2004, 7),
(160, 'Plou i fa sol', 2002, 6),
(161, 'Podré tornar enrere', 2001, 4),
(162, 'Positiu', 2008, 1),
(163, 'Postals', 1993, 4),
(164, 'Postrof', 2008, 6),
(165, 'Primer primera', 2009, 3),
(166, 'Promo', 1997, 3),
(167, 'Qualsevol nit pot sortir el sol', 2010, 3),
(168, 'Quanta llana', 2010, 7),
(169, 'Que mai no pari', 2012, 4),
(170, 'Que no acabi mai!', 2009, 6),
(171, 'Que no et prengui el pèl', 2012, 4),
(172, 'Que no s''escapin els gossos', 2013, 3),
(173, 'Quina nit', 2009, 6),
(174, 'Racons', 2013, 2),
(175, 'Relax', 2013, 1),
(176, 'Respira', 2013, 7),
(177, 'Riure, pecar, crear', 2006, 4),
(178, 'Romaní, semen i sang', 2006, 4),
(179, 'Sants Sistema', 2003, 3),
(180, 'Saó', 2005, 3),
(181, 'Segueix-me el fil', 2016, 3),
(182, 'Sempre hi ha un pedaç pa un discosit', 1995, 3),
(183, 'Sempremés', 2012, 7),
(184, 'Sensacions', 2009, 4),
(185, 'Sentit únic', 2015, 7),
(186, 'Senzills d''Albert i la banda dels 13', 2013, 5),
(187, 'Senzills d''Aluminosis', 2002, 7),
(188, 'Senzills d''Ana i Alícia', 2001, 6),
(189, 'Senzills d''Anonymous', 2005, 5),
(190, 'Senzills d''At Versaris', 2009, 5),
(191, 'Senzills de B-30', 1994, 7),
(192, 'Senzills de Beth', 2016, 7),
(193, 'Senzills de Crator', 1999, 5),
(194, 'Senzills de Dagoll Dagom', 2010, 7),
(195, 'Senzills de Damià Olivella', 1997, 7),
(196, 'Senzills de Desperdicis Clínics', 2006, 7),
(197, 'Senzills de Fèlix de Blas', 1995, 5),
(198, 'Senzills de Gerard Jacquet', 2010, 5),
(199, 'Senzills de Gerard Sesé', 2013, 5),
(200, 'Senzills de Gossos', 1995, 4),
(201, 'Senzills de Joan Isaac', 1996, 3),
(202, 'Senzills de La iaia', 2005, 1),
(203, 'Senzills de La Pegatina', 1999, 6),
(205, 'Senzills de Lluís Llach', 1996, 7),
(206, 'Senzills de Manu Guix', 2014, 3),
(207, 'Senzills de Margarett', 1997, 1),
(208, 'Senzills de Maria del Mar Bonet', 1996, 7),
(209, 'Senzills de Mel', 2011, 5),
(210, 'Senzills de Miquel Abras', 2002, 6),
(211, 'Senzills de Pau Augé Gracià', 2009, 6),
(212, 'Senzills de Pepet i Marieta', 1996, 2),
(213, 'Senzills de Peret', 1999, 2),
(214, 'Senzills de Poker d''Asos', 2014, 1),
(215, 'Senzills de Raimon', 2005, 6),
(216, 'Senzills de Rimapatxa Western', 2011, 6),
(217, 'Senzills de Susanne Georgi', 2010, 3),
(218, 'Senzills de Víctor Estévez', 2001, 5),
(219, 'Senzills de Xana', 1999, 3),
(220, 'Senzills de Xeic!', 2009, 5),
(221, 'Senzills d''Efecte Croma', 2016, 7),
(222, 'Senzills d''Els Maquis', 2005, 3),
(223, 'Senzills d''Inventari', 1999, 3),
(224, 'Senzills d''Ix!', 1997, 3),
(225, 'Si els dits fossin xilòfons', 2008, 6),
(226, 'Si tanque els ulls', 2009, 7),
(227, 'Simbènia', 2009, 6),
(228, 'Singles.cat', 1999, 2),
(229, 'Sol', 2011, 3),
(230, 'Somiant Desperts', 1998, 3),
(231, 'Sopa de Cabra', 2002, 2),
(232, 'Sota la dutxa', 2011, 6),
(233, 'Sss...', 2004, 5),
(234, 'Stat Jònic', 2006, 7),
(235, 'Sunglasses', 2007, 5),
(236, 'Tan al Limit', 1996, 3),
(237, 'Taxi', 2010, 5),
(238, 'Teoria del caos', 2010, 1),
(239, 'Teràpia de Shock', 2009, 2),
(240, 'T''ho diré mil vegades', 1999, 7),
(241, 'Tintin i la Contorsionsita', 1995, 5),
(242, 'Titans', 2000, 7),
(243, 'Tonades de fa temps', 2008, 5),
(244, 'Tornen els temps', 2008, 5),
(245, 'Tot és possible', 2009, 5),
(246, 'Tota la nit', 2009, 4),
(247, 'Toxic Sons', 1999, 3),
(248, 'Trece', 2012, 6),
(249, 'Tribut a Sopa de Cabra', 2015, 2),
(250, 'Tripolar', 2016, 1),
(251, 'Un café, setanta matins', 2005, 3),
(252, 'Un camí per tornar', 2005, 5),
(253, 'Un dia qualsevol', 2005, 5),
(254, 'Un nou sentit', 1995, 6),
(255, 'Una altra galàxia', 2005, 1),
(256, 'Una amable, una trista, una petita pàtria', 2015, 4),
(257, 'Una guitarra', 2016, 2),
(258, 'Va amb nosaltres', 2012, 4),
(259, 'Via Mandarina', 2004, 1),
(260, 'Vigila', 2003, 6),
(261, 'Vine a la festa', 2010, 1),
(262, 'Vol i dol', 2013, 2),
(263, 'Vol. II', 2009, 3),
(264, 'X', 2014, 2),
(265, 'Xarnego', 2004, 1),
(266, 'Radio Bemba Sound System', 2002, 1);

-- --------------------------------------------------------

--
-- Estructura de la taula `enregistrar`
--

CREATE TABLE IF NOT EXISTS `enregistrar` (
  `grup_ID` int(11) NOT NULL,
  `cançó_ID` int(11) NOT NULL,
  `disc_ID` int(11) NOT NULL,
  `en_concert` enum('Sí','No') CHARACTER SET utf8 DEFAULT 'Sí',
  PRIMARY KEY (`grup_ID`,`cançó_ID`,`disc_ID`),
  KEY `enregistrar_cançó` (`cançó_ID`),
  KEY `enregistrar_disc` (`disc_ID`)
) ENGINE=InnoDB DEFAULT CHARSET=utf8 COLLATE=utf8_unicode_ci;

--
-- Bolcant dades de la taula `enregistrar`
--

INSERT INTO `enregistrar` (`grup_ID`, `cançó_ID`, `disc_ID`, `en_concert`) VALUES
(1, 55, 27, 'Sí'),
(2, 20, 7, 'No'),
(3, 158, 78, 'No'),
(3, 159, 78, 'No'),
(3, 267, 154, 'No'),
(4, 260, 151, 'No'),
(5, 221, 122, 'No'),
(6, 299, 177, 'No'),
(7, 312, 186, 'Sí'),
(8, 197, 110, 'No'),
(8, 198, 110, 'No'),
(9, 31, 15, 'No'),
(9, 313, 187, 'No'),
(10, 144, 74, 'No'),
(11, 367, 230, 'No'),
(11, 368, 230, 'No'),
(12, 314, 188, 'No'),
(13, 272, 159, 'No'),
(14, 249, 142, 'No'),
(14, 250, 143, 'No'),
(15, 49, 23, 'No'),
(15, 50, 23, 'No'),
(15, 51, 23, 'No'),
(15, 80, 38, 'Sí'),
(16, 315, 189, 'No'),
(17, 22, 10, 'No'),
(17, 34, 19, 'No'),
(17, 35, 19, 'No'),
(17, 62, 33, 'No'),
(17, 127, 60, 'No'),
(17, 230, 124, 'Sí'),
(17, 231, 124, 'No'),
(17, 232, 124, 'No'),
(17, 376, 237, 'No'),
(18, 253, 145, 'No'),
(19, 23, 9, 'No'),
(19, 316, 190, 'No'),
(19, 404, 258, 'No'),
(20, 329, 191, 'No'),
(20, 330, 191, 'Sí'),
(21, 374, 240, 'No'),
(22, 375, 236, 'No'),
(23, 192, 107, 'No'),
(24, 146, 74, 'No'),
(24, 174, 93, 'No'),
(24, 304, 181, 'No'),
(24, 305, 181, 'Sí'),
(24, 306, 181, 'No'),
(24, 307, 181, 'No'),
(24, 331, 192, 'No'),
(24, 332, 192, 'No'),
(24, 392, 249, 'No'),
(25, 372, 234, 'No'),
(26, 83, 40, 'No'),
(26, 84, 40, 'No'),
(26, 85, 40, 'No'),
(27, 162, 83, 'No'),
(27, 163, 83, 'No'),
(28, 16, 3, 'No'),
(29, 168, 88, 'No'),
(29, 257, 149, 'Sí'),
(29, 258, 149, 'No'),
(29, 309, 183, 'No'),
(29, 386, 245, 'No'),
(30, 188, 103, 'No'),
(30, 205, 115, 'No'),
(31, 177, 95, 'No'),
(32, 150, 72, 'No'),
(32, 151, 72, 'No'),
(32, 225, 118, 'No'),
(32, 226, 118, 'No'),
(32, 227, 118, 'No'),
(32, 228, 118, 'No'),
(32, 382, 242, 'No'),
(33, 116, 55, 'No'),
(34, 311, 185, 'No'),
(35, 17, 4, 'Sí'),
(35, 113, 52, 'No'),
(36, 243, 137, 'No'),
(36, 333, 193, 'No'),
(37, 204, 114, 'No'),
(38, 334, 194, 'Sí'),
(39, 335, 195, 'No'),
(39, 398, 254, 'No'),
(40, 418, 265, 'Sí'),
(41, 164, 84, 'No'),
(41, 385, 244, 'No'),
(42, 120, 58, 'No'),
(42, 121, 58, 'No'),
(42, 169, 89, 'No'),
(42, 310, 184, 'No'),
(42, 417, 264, 'No'),
(43, 269, 156, 'No'),
(44, 336, 196, 'Sí'),
(45, 261, 152, 'No'),
(45, 389, 247, 'No'),
(45, 390, 247, 'No'),
(46, 114, 53, 'No'),
(47, 282, 164, 'No'),
(48, 384, 243, 'No'),
(49, 317, 221, 'No'),
(50, 209, 128, 'No'),
(50, 210, 128, 'No'),
(51, 143, 74, 'Sí'),
(52, 46, 21, 'No'),
(53, 149, 80, 'No'),
(53, 410, 262, 'No'),
(53, 411, 262, 'No'),
(53, 412, 262, 'No'),
(54, 364, 228, 'No'),
(55, 130, 67, 'No'),
(55, 394, 251, 'No'),
(55, 395, 251, 'No'),
(56, 63, 34, 'No'),
(56, 64, 34, 'No'),
(56, 65, 34, 'No'),
(56, 111, 51, 'Sí'),
(56, 112, 51, 'No'),
(56, 173, 91, 'Sí'),
(57, 98, 48, 'No'),
(57, 99, 48, 'No'),
(57, 100, 48, 'Sí'),
(57, 101, 48, 'No'),
(57, 102, 48, 'No'),
(57, 103, 48, 'No'),
(57, 104, 48, 'No'),
(57, 105, 48, 'No'),
(57, 106, 48, 'No'),
(57, 279, 163, 'No'),
(57, 280, 163, 'No'),
(57, 281, 163, 'No'),
(57, 380, 241, 'No'),
(57, 381, 241, 'No'),
(58, 318, 222, 'No'),
(58, 319, 222, 'Sí'),
(58, 320, 222, 'No'),
(58, 321, 222, 'No'),
(58, 322, 222, 'No'),
(58, 323, 222, 'No'),
(58, 324, 222, 'No'),
(58, 325, 222, 'No'),
(58, 326, 222, 'No'),
(59, 27, 14, 'No'),
(59, 28, 14, 'No'),
(59, 29, 14, 'No'),
(59, 30, 14, 'No'),
(59, 88, 42, 'No'),
(59, 89, 42, 'No'),
(59, 90, 42, 'No'),
(59, 91, 42, 'No'),
(59, 115, 54, 'Sí'),
(59, 175, 94, 'No'),
(59, 176, 94, 'No'),
(59, 181, 99, 'No'),
(59, 182, 98, 'No'),
(59, 183, 98, 'No'),
(59, 242, 136, 'Sí'),
(59, 296, 176, 'No'),
(59, 297, 176, 'No'),
(59, 298, 176, 'No'),
(59, 365, 229, 'Sí'),
(59, 366, 229, 'No'),
(59, 407, 261, 'No'),
(59, 408, 261, 'Sí'),
(59, 409, 261, 'Sí'),
(60, 217, 134, 'No'),
(60, 218, 134, 'No'),
(60, 300, 178, 'No'),
(61, 222, 117, 'No'),
(62, 60, 31, 'No'),
(62, 251, 144, 'Sí'),
(62, 252, 144, 'No'),
(63, 337, 197, 'Sí'),
(64, 178, 96, 'No'),
(64, 283, 165, 'No'),
(65, 19, 6, 'No'),
(65, 276, 162, 'No'),
(65, 277, 162, 'No'),
(65, 278, 162, 'No'),
(66, 107, 49, 'No'),
(66, 108, 49, 'Sí'),
(67, 338, 198, 'Sí'),
(68, 233, 125, 'No'),
(69, 339, 199, 'No'),
(69, 370, 232, 'No'),
(70, 393, 250, 'No'),
(71, 52, 24, 'Sí'),
(71, 363, 227, 'No'),
(72, 262, 153, 'No'),
(72, 263, 153, 'No'),
(72, 264, 153, 'No'),
(72, 265, 153, 'Sí'),
(72, 266, 153, 'No'),
(72, 340, 200, 'No'),
(73, 288, 170, 'No'),
(74, 128, 61, 'No'),
(75, 327, 223, 'Sí'),
(76, 191, 106, 'No'),
(77, 57, 29, 'No'),
(77, 213, 130, 'No'),
(77, 328, 224, 'Sí'),
(78, 194, 109, 'No'),
(78, 195, 109, 'No'),
(78, 196, 109, 'No'),
(79, 219, 120, 'No'),
(79, 285, 167, 'No'),
(80, 284, 166, 'No'),
(81, 94, 45, 'No'),
(82, 118, 57, 'No'),
(82, 119, 57, 'No'),
(83, 201, 113, 'No'),
(83, 202, 113, 'Sí'),
(83, 203, 113, 'No'),
(84, 341, 201, 'No'),
(85, 135, 65, 'No'),
(85, 402, 257, 'No'),
(85, 403, 257, 'No'),
(86, 109, 50, 'Sí'),
(86, 110, 50, 'No'),
(87, 86, 41, 'No'),
(87, 87, 41, 'Sí'),
(88, 200, 112, 'No'),
(89, 152, 73, 'No'),
(90, 141, 71, 'No'),
(90, 142, 71, 'No'),
(91, 193, 108, 'No'),
(92, 223, 119, 'No'),
(92, 224, 119, 'No'),
(93, 237, 131, 'No'),
(94, 58, 30, 'No'),
(95, 254, 146, 'No'),
(96, 54, 26, 'Sí'),
(96, 186, 102, 'Sí'),
(96, 187, 102, 'Sí'),
(97, 294, 174, 'No'),
(98, 206, 116, 'No'),
(98, 207, 116, 'No'),
(98, 208, 116, 'No'),
(99, 166, 86, 'No'),
(100, 26, 13, 'No'),
(101, 25, 12, 'No'),
(101, 255, 147, 'No'),
(102, 140, 70, 'No'),
(103, 184, 100, 'No'),
(103, 214, 135, 'No'),
(103, 215, 135, 'No'),
(103, 216, 135, 'No'),
(103, 302, 180, 'No'),
(103, 303, 180, 'Sí'),
(103, 406, 260, 'No'),
(104, 53, 25, 'No'),
(105, 235, 127, 'No'),
(105, 236, 127, 'No'),
(105, 343, 202, 'No'),
(106, 248, 141, 'No'),
(107, 342, 203, 'No'),
(107, 405, 259, 'No'),
(108, 154, 77, 'No'),
(109, 153, 75, 'No'),
(110, 40, 20, 'Sí'),
(110, 41, 20, 'No'),
(110, 42, 20, 'No'),
(110, 43, 20, 'No'),
(110, 44, 20, 'No'),
(110, 45, 20, 'No'),
(110, 189, 104, 'No'),
(110, 238, 132, 'No'),
(110, 239, 132, 'No'),
(110, 256, 148, 'No'),
(110, 295, 175, 'No'),
(112, 136, 66, 'No'),
(113, 211, 129, 'No'),
(113, 212, 129, 'No'),
(114, 229, 123, 'No'),
(114, 270, 157, 'Sí'),
(115, 96, 47, 'No'),
(115, 97, 47, 'No'),
(116, 199, 111, 'No'),
(116, 345, 205, 'Sí'),
(117, 155, 79, 'Sí'),
(118, 7, 1, 'No'),
(118, 8, 1, 'No'),
(118, 9, 1, 'Sí'),
(118, 10, 1, 'No'),
(118, 11, 1, 'No'),
(118, 12, 1, 'No'),
(118, 56, 28, 'No'),
(119, 346, 206, 'No'),
(120, 24, 11, 'No'),
(121, 347, 207, 'No'),
(122, 185, 101, 'No'),
(122, 348, 208, 'No'),
(123, 271, 158, 'No'),
(124, 179, 97, 'No'),
(124, 180, 97, 'No'),
(124, 361, 225, 'No'),
(125, 349, 209, 'No'),
(127, 350, 210, 'No'),
(129, 373, 235, 'No'),
(130, 66, 35, 'No'),
(130, 122, 59, 'Sí'),
(130, 123, 59, 'No'),
(130, 124, 59, 'Sí'),
(130, 125, 59, 'No'),
(130, 126, 59, 'No'),
(131, 171, 92, 'No'),
(131, 172, 92, 'No'),
(132, 117, 56, 'No'),
(133, 399, 255, 'No'),
(134, 377, 238, 'Sí'),
(134, 378, 238, 'No'),
(134, 400, 256, 'No'),
(134, 401, 256, 'No'),
(135, 351, 211, 'No'),
(136, 131, 63, 'No'),
(136, 132, 63, 'No'),
(136, 133, 63, 'No'),
(137, 160, 81, 'No'),
(138, 129, 62, 'No'),
(139, 220, 121, 'No'),
(139, 244, 138, 'Sí'),
(139, 308, 182, 'No'),
(139, 352, 212, 'No'),
(140, 383, 242, 'No'),
(141, 353, 213, 'No'),
(142, 415, 263, 'No'),
(142, 416, 263, 'No'),
(143, 301, 179, 'No'),
(143, 413, 263, 'No'),
(143, 414, 263, 'Sí'),
(144, 354, 214, 'No'),
(146, 355, 215, 'No'),
(147, 268, 155, 'No'),
(148, 190, 105, 'Sí'),
(149, 148, 74, 'No'),
(150, 33, 17, 'No'),
(151, 362, 226, 'No'),
(152, 156, 76, 'No'),
(152, 157, 76, 'No'),
(152, 292, 173, 'No'),
(152, 293, 173, 'No'),
(153, 147, 74, 'No'),
(153, 391, 248, 'No'),
(154, 245, 139, 'No'),
(155, 92, 43, 'No'),
(155, 137, 68, 'No'),
(155, 161, 82, 'No'),
(155, 234, 126, 'No'),
(155, 273, 160, 'Sí'),
(155, 274, 160, 'Sí'),
(155, 275, 161, 'No'),
(155, 369, 231, 'No'),
(155, 371, 233, 'No'),
(156, 357, 217, 'No'),
(157, 79, 37, 'Sí'),
(158, 170, 90, 'No'),
(158, 287, 169, 'No'),
(158, 379, 239, 'No'),
(158, 387, 246, 'Sí'),
(158, 388, 246, 'No'),
(159, 32, 16, 'No'),
(159, 246, 140, 'No'),
(159, 247, 140, 'No'),
(159, 289, 171, 'No'),
(159, 290, 171, 'No'),
(160, 356, 216, 'No'),
(161, 286, 168, 'No'),
(162, 167, 87, 'No'),
(163, 165, 85, 'No'),
(164, 67, 36, 'No'),
(164, 68, 36, 'No'),
(164, 69, 36, 'No'),
(164, 70, 36, 'Sí'),
(164, 71, 36, 'Sí'),
(164, 72, 36, 'Sí'),
(164, 73, 36, 'No'),
(164, 74, 36, 'No'),
(164, 75, 36, 'No'),
(164, 76, 36, 'No'),
(164, 77, 36, 'No'),
(164, 78, 36, 'No'),
(165, 93, 44, 'No'),
(166, 138, 69, 'Sí'),
(166, 139, 69, 'No'),
(167, 95, 46, 'No'),
(167, 358, 218, 'No'),
(168, 13, 2, 'No'),
(168, 14, 2, 'No'),
(168, 15, 2, 'No'),
(168, 396, 252, 'Sí'),
(168, 397, 253, 'No'),
(169, 145, 74, 'No'),
(170, 47, 22, 'Sí'),
(170, 48, 22, 'Sí'),
(171, 18, 5, 'No'),
(171, 134, 64, 'No'),
(171, 240, 133, 'No'),
(171, 241, 133, 'No'),
(171, 259, 150, 'No'),
(172, 359, 219, 'Sí'),
(173, 291, 172, 'No'),
(174, 61, 32, 'No'),
(174, 81, 39, 'Sí'),
(174, 82, 39, 'No'),
(174, 360, 220, 'No'),
(175, 21, 8, 'No');

-- --------------------------------------------------------

--
-- Estructura de la taula `grup`
--

CREATE TABLE IF NOT EXISTS `grup` (
  `ID` int(11) NOT NULL AUTO_INCREMENT,
  `nom` varchar(100) CHARACTER SET utf8 NOT NULL,
  `email` varchar(150) CHARACTER SET utf8 NOT NULL,
  `any_formació` int(11) DEFAULT NULL,
  PRIMARY KEY (`ID`),
  UNIQUE KEY `email` (`email`)
) ENGINE=InnoDB  DEFAULT CHARSET=utf8 COLLATE=utf8_unicode_ci AUTO_INCREMENT=176 ;

--
-- Bolcant dades de la taula `grup`
--

INSERT INTO `grup` (`ID`, `nom`, `email`, `any_formació`) VALUES
(1, '121dB', '121dB@uoc.edu', 1995),
(2, '3XL.Dance', '3XL.Dance@uoc.edu', 1995),
(3, '4t1a', '4t1a@uoc.edu', 2002),
(4, 'ACCIÓ', 'ACCIÓ@uoc.edu', 2010),
(5, 'Acció festiva', 'Acció_festiva@uoc.edu', 1997),
(6, 'Agraviats', 'Agraviats@uoc.edu', 2004),
(7, 'Albert i la banda dels 13', 'Albert_i_la_banda_dels_13@uoc.edu', 2010),
(8, 'Albert Pla', 'Albert_Pla@uoc.edu', 1994),
(9, 'Aluminosis', 'Aluminosis@uoc.edu', 1999),
(10, 'Amaia Montero', 'Amaia_Montero@uoc.edu', 2004),
(11, 'Amelie', 'Amelie@uoc.edu', 1996),
(12, 'Ana i Alícia', 'Ana_i_Alícia@uoc.edu', 1999),
(13, 'Andreu Rifé', 'Andreu_Rifé@uoc.edu', 2003),
(14, 'Anegats', 'Anegats@uoc.edu', 2015),
(15, 'Anna Roig i l''Ombre de Ton Chien', 'Anna_Roig_i_l_Ombre_de_Ton_Chien@uoc.edu', 2010),
(16, 'Anonymous', 'Anonymous@uoc.edu', 2000),
(17, 'Antònia Font', 'Antònia_Font@uoc.edu', 2006),
(18, 'Aspencat', 'Aspencat@uoc.edu', 2015),
(19, 'At Versaris', 'At_Versaris@uoc.edu', 2014),
(20, 'B-30', 'B-30@uoc.edu', 1993),
(21, 'Bars', 'Bars@uoc.edu', 1996),
(22, 'Berta Peñalver', 'Berta_Peñalver@uoc.edu', 1996),
(23, 'Betagarri', 'Betagarri@uoc.edu', 1993),
(24, 'Beth', 'Beth@uoc.edu', 2015),
(25, 'Bikimel', 'Bikimel@uoc.edu', 2006),
(26, 'Bizarre', 'Bizarre@uoc.edu', 1993),
(27, 'Blaumut', 'Blaumut@uoc.edu', 2001),
(28, 'Blüe', 'Blüe@uoc.edu', 2003),
(29, 'Brams', 'Brams@uoc.edu', 2015),
(30, 'Burman Flash', 'Burman_Flash@uoc.edu', 2012),
(31, 'Casa Rusa', 'Casa_Rusa@uoc.edu', 1999),
(32, 'Cesk Freixas', 'Cesk_Freixas@uoc.edu', 1997),
(33, 'Chenoa', 'Chenoa@uoc.edu', 1998),
(34, 'Clepton', 'Clepton@uoc.edu', 2015),
(35, 'Companyia Elèctrica Dharma', 'Companyia_Elèctrica_Dharma@uoc.edu', 2008),
(36, 'Crator', 'Crator@uoc.edu', 1999),
(37, 'Cris Juanico', 'Cris_Juanico@uoc.edu', 1992),
(38, 'Dagoll Dagom', 'Dagoll_Dagom@uoc.edu', 2007),
(39, 'Damià Olivella', 'Damià_Olivella@uoc.edu', 1995),
(40, 'Dani Flaco', 'Dani_Flaco@uoc.edu', 2001),
(41, 'Dekrèpits', 'Dekrèpits@uoc.edu', 2006),
(42, 'DEPT.', 'DEPT.@uoc.edu', 2013),
(43, 'Deskarats', 'Deskarats@uoc.edu', 1997),
(44, 'Desperdicis Clínics', 'Desperdicis_Clínics@uoc.edu', 2002),
(45, 'Dr. Calypso', 'Dr._Calypso@uoc.edu', 1996),
(46, 'Duble Buble', 'Duble_Buble@uoc.edu', 2004),
(47, 'Dusminguet', 'Dusminguet@uoc.edu', 2006),
(48, 'Ebri Knight', 'Ebri_Knight@uoc.edu', 2005),
(49, 'Efecte Croma', 'Efecte_Croma@uoc.edu', 2013),
(50, 'Eina', 'Eina@uoc.edu', 2010),
(51, 'El Canto del Loco', 'El_Canto_del_Loco@uoc.edu', 1996),
(52, 'El Nota', 'El_Nota@uoc.edu', 1996),
(53, 'El petit de cal Eril', 'El_petit_de_cal_Eril@uoc.edu', 2010),
(54, 'El tercer hombre', 'El_tercer_hombre@uoc.edu', 1999),
(55, 'Élena', 'Élena@uoc.edu', 2000),
(56, 'Els Amics de les Arts', 'Els_Amics_de_les_Arts@uoc.edu', 2008),
(57, 'Els Catarres', 'Els_Catarres@uoc.edu', 1993),
(58, 'Els Maquis', 'Els_Maquis@uoc.edu', 2002),
(59, 'Els Pets', 'Els_Pets@uoc.edu', 2008),
(60, 'Els Surfing Sirles', 'Els_Surfing_Sirles@uoc.edu', 2002),
(61, 'Èric Vinaixa', 'Èric_Vinaixa@uoc.edu', 1992),
(62, 'Feliu Ventura', 'Feliu_Ventura@uoc.edu', 2006),
(63, 'Fèlix de Blas', 'Fèlix_de_Blas@uoc.edu', 1993),
(64, 'Filippo Landini', 'Filippo_Landini@uoc.edu', 2009),
(65, 'Frenètic', 'Frenètic@uoc.edu', 2004),
(66, 'Gato Pérez', 'Gato_Pérez@uoc.edu', 2002),
(67, 'Gerard Jacquet', 'Gerard_Jacquet@uoc.edu', 2008),
(68, 'Gerard Quintana', 'Gerard_Quintana@uoc.edu', 2007),
(69, 'Gerard Sesé', 'Gerard_Sesé@uoc.edu', 2008),
(70, 'Gertrudis', 'Gertrudis@uoc.edu', 2012),
(71, 'Glaucs', 'Glaucs@uoc.edu', 2005),
(72, 'Gossos', 'Gossos@uoc.edu', 1994),
(73, 'High Times', 'High_Times@uoc.edu', 2015),
(74, 'Inadaptats', 'Inadaptats@uoc.edu', 2001),
(75, 'Inventari', 'Inventari@uoc.edu', 1998),
(76, 'Ivette Nadal', 'Ivette_Nadal@uoc.edu', 2008),
(77, 'Ix!', 'Ix!@uoc.edu', 1996),
(78, 'Ja t''ho diré', 'Ja_t_ho_diré@uoc.edu', 2006),
(79, 'Jaume Sisa', 'Jaume_Sisa@uoc.edu', 2010),
(80, 'Jezie', 'Jezie@uoc.edu', 1997),
(81, 'Joan Bibiloni', 'Joan_Bibiloni@uoc.edu', 2008),
(82, 'Joan Colomo', 'Joan_Colomo@uoc.edu', 2001),
(83, 'Joan Dausà i Els Tipus d''Interès', 'Joan_Dausà_i_Els_Tipus_d_Interès@uoc.edu', 1998),
(84, 'Joan Isaac', 'Joan_Isaac@uoc.edu', 1993),
(85, 'Joan Manuel Serrat', 'Joan_Manuel_Serrat@uoc.edu', 2011),
(86, 'Joan Masdéu', 'Joan_Masdéu@uoc.edu', 2015),
(87, 'Joan Miquel Oliver', 'Joan_Miquel_Oliver@uoc.edu', 2000),
(88, 'Jofre Bardagí', 'Jofre_Bardagí@uoc.edu', 2005),
(89, 'Jordi Boixadós', 'Jordi_Boixadós@uoc.edu', 2010),
(90, 'Jordi Montañez', 'Jordi_Montañez@uoc.edu', 2011),
(91, 'Josep Maria Puigdomènech', 'Josep_Maria_Puigdomènech@uoc.edu', 1995),
(92, 'Josep Romeu', 'Josep_Romeu@uoc.edu', 2010),
(93, 'Josep Tero', 'Josep_Tero@uoc.edu', 2006),
(94, 'Josep Thió', 'Josep_Thió@uoc.edu', 2001),
(95, 'Junts', 'Junts@uoc.edu', 2015),
(96, 'Ken Zazpi', 'Ken_Zazpi@uoc.edu', 2012),
(97, 'Kibo', 'Kibo@uoc.edu', 2011),
(98, 'Kitsch', 'Kitsch@uoc.edu', 2005),
(99, 'Kòdul', 'Kòdul@uoc.edu', 2003),
(100, 'Kontra-Band', 'Kontra-Band@uoc.edu', 1995),
(101, 'Kop', 'Kop@uoc.edu', 2011),
(102, 'La Carrau', 'La_Carrau@uoc.edu', 2001),
(103, 'La Gossa Sorda', 'La_Gossa_Sorda@uoc.edu', 2003),
(104, 'La Gran Aventura', 'La_Gran_Aventura@uoc.edu', 2010),
(105, 'La iaia', 'La_iaia@uoc.edu', 2004),
(106, 'La Madam', 'La_Madam@uoc.edu', 1994),
(107, 'La Pegatina', 'La_Pegatina@uoc.edu', 1999),
(108, 'La Porta dels Somnis', 'La_Porta_dels_Somnis@uoc.edu', 1995),
(109, 'La terrasseta de preixens', 'La_terrasseta_de_preixens@uoc.edu', 2007),
(110, 'Lax''n''Busto', 'Lax_n_Busto@uoc.edu', 2012),
(112, 'LEDS', 'LEDS@uoc.edu', 1995),
(113, 'L''etern retorn', 'L_etern_retorn@uoc.edu', 1994),
(114, 'Lexu''s', 'Lexu_s@uoc.edu', 2003),
(115, 'Lluís Cartes', 'Lluís_Cartes@uoc.edu', 1994),
(116, 'Lluís Llach', 'Lluís_Llach@uoc.edu', 1996),
(117, 'Macaco', 'Macaco@uoc.edu', 1996),
(118, 'Manel', 'Manel@uoc.edu', 2002),
(119, 'Manu Guix', 'Manu_Guix@uoc.edu', 2009),
(120, 'Mar Abella', 'Mar_Abella@uoc.edu', 2003),
(121, 'Margarett', 'Margarett@uoc.edu', 1996),
(122, 'Maria del Mar Bonet', 'Maria_del_Mar_Bonet@uoc.edu', 1992),
(123, 'Maria Rodés', 'Maria_Rodés@uoc.edu', 1992),
(124, 'Mazoni', 'Mazoni@uoc.edu', 2003),
(125, 'Mel', 'Mel@uoc.edu', 2009),
(126, 'Mesclat', 'Mesclat@uoc.edu', 1993),
(127, 'Miquel Abras', 'Miquel_Abras@uoc.edu', 2002),
(128, 'Mishima', 'Mishima@uoc.edu', 2006),
(129, 'N''Gai N''Gai', 'N_Gai_N_Gai@uoc.edu', 2002),
(130, 'Obrint Pas', 'Obrint_Pas@uoc.edu', 2013),
(131, 'ODI', 'ODI@uoc.edu', 1999),
(132, 'Oprimits', 'Oprimits@uoc.edu', 2000),
(133, 'Pastora', 'Pastora@uoc.edu', 2003),
(134, 'Pau Alabajos', 'Pau_Alabajos@uoc.edu', 2010),
(135, 'Pau Augé Gracià', 'Pau_Augé_Gracià@uoc.edu', 2014),
(136, 'Pau Vallvé', 'Pau_Vallvé@uoc.edu', 1997),
(137, 'Paul Fuster', 'Paul_Fuster@uoc.edu', 2011),
(138, 'Pep Sala', 'Pep_Sala@uoc.edu', 2000),
(139, 'Pepet i marieta', 'Pepet_i_marieta@uoc.edu', 1992),
(140, 'Pere Vilanova', 'Pere_Vilanova@uoc.edu', 1996),
(141, 'Peret', 'Peret@uoc.edu', 1995),
(142, 'Pirats Sound Sistema', 'Pirats_Sound_Sistema@uoc.edu', 2014),
(143, 'Pirat''s Sound Sistema', 'Pirat_s_Sound_Sistema@uoc.edu', 2001),
(144, 'Poker d''Asos', 'Poker_d_Asos@uoc.edu', 2015),
(145, 'Projecte Mut', 'Projecte_Mut@uoc.edu', 2007),
(146, 'Raimon', 'Raimon@uoc.edu', 2002),
(147, 'RAYDIBAUM', 'RAYDIBAUM@uoc.edu', 2004),
(148, 'Ressaka', 'Ressaka@uoc.edu', 2007),
(149, 'Salvador Alberch', 'Salvador_Alberch@uoc.edu', 2006),
(150, 'Sanjosex', 'Sanjosex@uoc.edu', 2004),
(151, 'Sant Gatxo', 'Sant_Gatxo@uoc.edu', 2008),
(152, 'Sau', 'Sau@uoc.edu', 2015),
(153, 'Sergio Dalma', 'Sergio_Dalma@uoc.edu', 2008),
(154, 'Skalissai', 'Skalissai@uoc.edu', 2012),
(155, 'Sopa de Cabra', 'Sopa_de_Cabra@uoc.edu', 2000),
(156, 'Susanne Georgi', 'Susanne_Georgi@uoc.edu', 2007),
(157, 'Sva-ters', 'Sva-ters@uoc.edu', 1997),
(158, 'Teràpia de Shock', 'Teràpia_de_Shock@uoc.edu', 2015),
(159, 'Terratombats', 'Terratombats@uoc.edu', 2009),
(160, 'The Mamzelles', 'The_Mamzelles@uoc.edu', 2010),
(161, 'Tipuaixí', 'Tipuaixí@uoc.edu', 2009),
(162, 'Titot i David Rosell', 'Titot_i_David_Rosell@uoc.edu', 2014),
(163, 'Tomeu Penya', 'Tomeu_Penya@uoc.edu', 2002),
(164, 'Txarango', 'Txarango@uoc.edu', 2010),
(165, 'Umpah-pah', 'Umpah-pah@uoc.edu', 2015),
(166, 'Un tal Pere', 'Un_tal_Pere@uoc.edu', 2002),
(167, 'Víctor Estévez', 'Víctor_Estévez@uoc.edu', 1997),
(168, 'Vuit', 'Vuit@uoc.edu', 2000),
(169, 'VVAA', 'VVAA@uoc.edu', 2004),
(170, 'Wantum', 'Wantum@uoc.edu', 1999),
(171, 'Whiskyn''s', 'Whiskyn_s@uoc.edu', 1998),
(172, 'Xana', 'Xana@uoc.edu', 1998),
(173, 'Xazzar', 'Xazzar@uoc.edu', 2011),
(174, 'Xeic!', 'Xeic!@uoc.edu', 2008),
(175, 'Xesco Boix', 'Xesco_Boix@uoc.edu', 1992),
(176, 'Manu Chao', 'Manu_Chao@uoc.edu', 1998);

-- --------------------------------------------------------

--
-- Estructura de la taula `interpretar`
--

CREATE TABLE IF NOT EXISTS `interpretar` (
  `ID` int(11) NOT NULL AUTO_INCREMENT,
  `grup_ID` int(11) NOT NULL,
  `local_ID` int(11) NOT NULL,
  `data` date NOT NULL,
  `assistents` int(11) NOT NULL,
  PRIMARY KEY (`ID`),
  KEY `interpretar_local` (`local_ID`),
  KEY `interpretar_grup` (`grup_ID`)
) ENGINE=InnoDB  DEFAULT CHARSET=utf8 COLLATE=utf8_unicode_ci AUTO_INCREMENT=251 ;

--
-- Bolcant dades de la taula `interpretar`
--

INSERT INTO `interpretar` (`ID`, `grup_ID`, `local_ID`, `data`, `assistents`) VALUES
(1, 1, 6, '1998-08-21', 842),
(2, 2, 7, '1995-08-02', 237),
(3, 3, 4, '2005-10-24', 82),
(4, 3, 6, '2009-09-01', 836),
(5, 4, 1, '2003-11-05', 2485),
(6, 5, 5, '1998-12-23', 565),
(7, 6, 4, '1993-09-17', 70),
(8, 7, 5, '2013-10-12', 566),
(9, 8, 2, '1992-08-25', 989),
(10, 9, 3, '2004-02-03', 42),
(11, 9, 7, '2009-05-22', 240),
(12, 10, 4, '2006-02-07', 75),
(13, 11, 3, '1999-08-21', 24),
(14, 12, 6, '2013-11-05', 847),
(15, 13, 7, '2015-09-17', 242),
(16, 14, 1, '2007-03-01', 2478),
(17, 14, 5, '1997-12-23', 569),
(18, 15, 1, '2012-08-07', 2487),
(19, 15, 4, '1997-03-01', 73),
(20, 16, 5, '2013-08-21', 571),
(21, 17, 1, '2007-12-23', 2481),
(22, 17, 2, '2006-08-19', 970),
(23, 17, 3, '2011-12-02', 34),
(24, 17, 4, '2007-05-28', 73),
(25, 17, 5, '2001-09-17', 576),
(26, 18, 5, '2003-01-27', 570),
(27, 19, 1, '2016-08-15', 2486),
(28, 19, 4, '1996-10-10', 73),
(29, 19, 5, '2013-01-17', 568),
(30, 20, 7, '2006-09-01', 238),
(31, 21, 7, '2009-09-17', 227),
(32, 22, 3, '2010-06-24', 28),
(33, 23, 4, '2012-06-07', 76),
(34, 24, 2, '1999-01-27', 979),
(35, 24, 3, '2010-12-23', 40),
(36, 24, 6, '2003-05-17', 836),
(37, 24, 7, '2006-10-10', 237),
(38, 25, 7, '2005-09-01', 227),
(39, 26, 4, '2011-01-27', 70),
(40, 27, 2, '1996-04-03', 974),
(41, 28, 5, '2007-01-18', 576),
(42, 29, 2, '2006-10-12', 979),
(43, 29, 4, '2003-06-09', 80),
(44, 29, 5, '2009-03-01', 571),
(45, 29, 7, '2012-06-01', 228),
(46, 30, 6, '2013-06-04', 845),
(47, 31, 5, '2014-10-26', 565),
(48, 32, 4, '2006-07-23', 70),
(49, 32, 6, '2000-05-06', 848),
(50, 32, 7, '2005-03-23', 219),
(51, 33, 7, '2012-04-23', 230),
(52, 34, 7, '2012-08-07', 240),
(53, 35, 2, '2016-12-02', 970),
(54, 35, 7, '2009-08-05', 232),
(55, 36, 1, '2010-06-24', 2485),
(56, 36, 5, '2003-06-24', 578),
(57, 37, 4, '2012-02-26', 80),
(58, 38, 7, '2005-09-17', 239),
(59, 39, 6, '2011-11-05', 836),
(60, 39, 7, '2016-12-02', 228),
(61, 40, 1, '2000-03-01', 2482),
(62, 41, 1, '2006-11-18', 2486),
(63, 41, 5, '2008-12-23', 569),
(64, 42, 2, '2000-12-23', 963),
(65, 42, 4, '2009-01-27', 71),
(66, 42, 7, '1999-07-04', 235),
(67, 43, 4, '2009-06-24', 67),
(68, 44, 7, '1995-09-17', 242),
(69, 45, 3, '1994-08-21', 24),
(70, 46, 1, '2012-09-17', 2493),
(71, 47, 6, '1998-12-23', 845),
(72, 48, 5, '1997-09-09', 567),
(73, 49, 7, '1999-09-09', 236),
(74, 50, 1, '2000-10-12', 2478),
(75, 51, 2, '2012-03-17', 980),
(76, 52, 5, '2001-06-01', 574),
(77, 53, 2, '2008-02-17', 990),
(78, 54, 2, '2009-05-22', 981),
(79, 55, 2, '1998-06-20', 978),
(80, 55, 3, '1998-10-12', 24),
(81, 56, 1, '2002-09-17', 2466),
(82, 56, 7, '2010-11-12', 237),
(83, 57, 4, '2016-09-09', 75),
(84, 57, 5, '2016-04-23', 578),
(85, 57, 6, '2001-09-01', 847),
(86, 58, 3, '1996-12-23', 38),
(87, 59, 1, '2009-12-02', 2472),
(88, 59, 2, '2008-01-06', 976),
(89, 59, 3, '1996-11-05', 28),
(90, 59, 5, '2015-01-29', 571),
(91, 59, 6, '2013-06-24', 840),
(92, 59, 7, '2008-06-24', 234),
(93, 60, 1, '2004-09-01', 2475),
(94, 60, 4, '2008-12-02', 71),
(95, 61, 1, '1996-04-30', 2473),
(96, 62, 1, '2011-06-24', 2485),
(97, 62, 6, '2014-06-01', 848),
(98, 63, 5, '2012-04-23', 571),
(99, 64, 3, '2011-03-01', 46),
(100, 64, 4, '2014-06-06', 78),
(101, 65, 1, '2012-08-31', 2475),
(102, 65, 3, '2004-07-08', 36),
(103, 66, 4, '1997-10-10', 84),
(104, 67, 5, '2009-03-23', 567),
(105, 68, 2, '2015-06-01', 994),
(106, 69, 5, '2015-08-31', 572),
(107, 69, 6, '2014-01-17', 848),
(108, 70, 1, '2011-08-07', 2495),
(109, 71, 1, '2005-10-12', 2473),
(110, 71, 6, '2002-10-12', 844),
(111, 72, 4, '2013-09-09', 75),
(112, 72, 5, '2013-01-17', 574),
(113, 73, 6, '2000-05-22', 841),
(114, 74, 4, '2015-02-21', 80),
(115, 75, 3, '2014-03-01', 24),
(116, 76, 4, '2007-07-16', 76),
(117, 77, 3, '1997-06-01', 46),
(118, 77, 4, '2012-11-05', 76),
(119, 77, 6, '1998-09-01', 838),
(120, 78, 2, '2007-09-08', 990),
(121, 79, 3, '1995-01-27', 20),
(122, 79, 4, '1998-02-23', 66),
(123, 80, 3, '1998-06-01', 44),
(124, 81, 3, '2003-11-05', 28),
(125, 82, 7, '2008-08-31', 221),
(126, 83, 5, '2015-03-23', 579),
(127, 84, 3, '2002-12-23', 46),
(128, 85, 2, '2007-09-01', 983),
(129, 85, 3, '2005-08-26', 26),
(130, 86, 1, '1995-06-24', 2481),
(131, 87, 7, '1998-08-07', 237),
(132, 88, 6, '2013-10-10', 844),
(133, 89, 3, '2005-09-06', 46),
(134, 90, 3, '2005-06-09', 26),
(135, 91, 6, '2011-06-04', 842),
(136, 92, 3, '1999-02-21', 28),
(137, 93, 3, '2008-06-01', 24),
(138, 93, 4, '1992-08-21', 73),
(139, 94, 4, '2004-10-10', 75),
(140, 95, 5, '2005-08-07', 576),
(141, 96, 1, '2016-11-05', 2468),
(142, 96, 3, '2008-01-21', 46),
(143, 97, 2, '2002-09-01', 977),
(144, 98, 7, '1998-02-16', 233),
(145, 99, 7, '2010-07-09', 229),
(146, 100, 5, '1997-11-23', 570),
(147, 101, 5, '2016-06-30', 567),
(148, 102, 2, '1996-09-24', 979),
(149, 103, 2, '2006-10-10', 975),
(150, 103, 3, '1997-09-09', 26),
(151, 103, 6, '2010-09-17', 837),
(152, 103, 7, '2001-08-26', 238),
(153, 104, 5, '2011-05-22', 566),
(154, 105, 1, '2001-03-01', 2491),
(155, 105, 5, '1997-08-07', 572),
(156, 106, 1, '1997-09-09', 2488),
(157, 107, 1, '2010-06-24', 2483),
(158, 107, 6, '2005-06-01', 845),
(159, 108, 6, '2005-09-16', 849),
(160, 109, 4, '2005-04-28', 80),
(161, 110, 1, '2001-10-10', 2488),
(162, 110, 2, '2003-08-25', 983),
(163, 110, 3, '2000-01-17', 32),
(164, 110, 7, '2013-03-01', 228),
(165, 112, 5, '2000-06-04', 569),
(166, 113, 7, '2015-05-22', 231),
(167, 114, 2, '2015-09-17', 979),
(168, 114, 6, '1993-03-01', 848),
(169, 115, 1, '2012-01-17', 2480),
(170, 116, 5, '2014-12-23', 568),
(171, 116, 7, '2009-01-27', 242),
(172, 117, 6, '2005-05-22', 841),
(173, 118, 2, '2004-01-17', 969),
(174, 118, 4, '2002-01-28', 85),
(175, 119, 3, '1994-08-07', 38),
(176, 120, 7, '2004-04-25', 235),
(177, 121, 1, '2016-10-12', 2478),
(178, 122, 7, '2012-01-05', 231),
(179, 123, 3, '2006-12-02', 36),
(180, 124, 6, '1996-01-27', 841),
(181, 124, 7, '2016-04-03', 242),
(182, 125, 5, '1999-05-22', 569),
(183, 126, 5, '2008-01-27', 580),
(184, 127, 6, '2010-11-05', 835),
(185, 128, 4, '2009-08-07', 76),
(186, 129, 5, '2011-10-10', 577),
(187, 130, 5, '2013-09-17', 571),
(188, 130, 7, '2004-07-23', 237),
(189, 131, 2, '2004-09-20', 980),
(190, 132, 6, '2006-03-23', 836),
(191, 133, 1, '2004-08-21', 2482),
(192, 134, 1, '1999-12-02', 2484),
(193, 134, 4, '2006-01-17', 79),
(194, 135, 6, '1997-08-21', 841),
(195, 136, 6, '2006-08-17', 836),
(196, 137, 5, '2015-11-18', 566),
(197, 138, 2, '2013-09-01', 980),
(198, 139, 2, '2005-09-09', 979),
(199, 139, 3, '2010-03-01', 26),
(200, 139, 7, '2001-09-17', 244),
(201, 140, 5, '1999-08-31', 578),
(202, 141, 2, '2006-01-17', 980),
(203, 142, 3, '1999-09-17', 46),
(204, 143, 3, '2009-09-17', 20),
(205, 143, 5, '1995-09-09', 574),
(206, 144, 1, '1995-09-01', 2476),
(207, 145, 1, '2009-10-12', 2483),
(208, 146, 6, '2010-10-10', 846),
(209, 147, 3, '1999-10-10', 36),
(210, 148, 6, '2009-07-06', 848),
(211, 149, 4, '1998-10-31', 69),
(212, 150, 6, '2008-09-09', 838),
(213, 151, 7, '2011-08-07', 235),
(214, 152, 4, '2005-08-07', 69),
(215, 152, 6, '2004-01-17', 840),
(216, 153, 2, '2010-12-13', 980),
(217, 153, 6, '2009-06-01', 848),
(218, 154, 3, '2005-12-02', 38),
(219, 155, 2, '2004-10-12', 990),
(220, 155, 4, '2016-03-23', 78),
(221, 155, 5, '2009-01-27', 565),
(222, 155, 6, '2009-04-23', 839),
(223, 156, 3, '1995-09-17', 48),
(224, 157, 4, '2014-12-23', 65),
(225, 158, 2, '2004-01-25', 974),
(226, 158, 4, '2008-10-12', 67),
(227, 159, 4, '2003-11-05', 76),
(228, 159, 6, '2012-09-17', 836),
(229, 159, 7, '2012-03-30', 237),
(230, 160, 6, '2013-06-24', 846),
(231, 161, 7, '2007-08-07', 232),
(232, 162, 7, '2012-04-26', 232),
(233, 163, 7, '2000-05-17', 242),
(234, 164, 5, '2014-09-09', 579),
(235, 165, 1, '2012-05-22', 2488),
(236, 166, 2, '2012-05-16', 972),
(237, 167, 5, '2015-08-21', 573),
(238, 168, 2, '2002-11-25', 970),
(239, 168, 5, '2002-05-22', 566),
(240, 169, 6, '2005-12-26', 837),
(241, 170, 4, '1999-01-27', 75),
(242, 171, 2, '2008-05-22', 979),
(243, 171, 3, '2002-01-05', 48),
(244, 171, 6, '2001-09-26', 843),
(245, 172, 3, '1996-12-02', 48),
(246, 173, 3, '1993-08-21', 44),
(247, 174, 3, '2009-09-17', 22),
(248, 174, 4, '2012-06-01', 74),
(249, 174, 5, '2005-09-17', 575),
(250, 175, 6, '1994-11-30', 841);

-- --------------------------------------------------------

--
-- Estructura de la taula `local`
--

CREATE TABLE IF NOT EXISTS `local` (
  `ID` int(11) NOT NULL AUTO_INCREMENT,
  `nom` varchar(50) CHARACTER SET utf8 NOT NULL,
  `adreça` varchar(250) CHARACTER SET utf8 NOT NULL,
  `latitud` float NOT NULL,
  `longitud` float NOT NULL,
  `aforament` int(11) DEFAULT NULL,
  PRIMARY KEY (`ID`)
) ENGINE=InnoDB  DEFAULT CHARSET=utf8 COLLATE=utf8_unicode_ci AUTO_INCREMENT=8 ;

--
-- Bolcant dades de la taula `local`
--

INSERT INTO `local` (`ID`, `nom`, `adreça`, `latitud`, `longitud`, `aforament`) VALUES
(1, 'Razzmatazz', 'Carrer de Pamplona, 88,08018 Barcelona', 41.3977, 2.19105, 2500),
(2, 'Apolo', 'Carrer Nou de la Rambla, 113,08004 Barcelona', 41.3744, 2.16954, 1000),
(3, 'Luís se Va', 'Plaça d''Eivissa, 11,08031 Barcelona', 41.4308, 2.16066, 50),
(4, 'Heliogàbal', 'Carrer de Ramon y Cajal, 80,08012 Barcelona', 41.4035, 2.1603, 85),
(5, 'La Paloma', 'Carrer del Tigre, 27,08001 Barcelona', 41.3824, 2.16414, 580),
(6, 'Barts', 'Av. del Paraŀlel, 62,08001 Barcelona', 41.3751, 2.16954, 850),
(7, 'Jamboree', 'Plaça Reial, 17,08002 Barcelona', 41.3797, 2.1753, 250);

--
-- Restriccions per taules bolcades
--

--
-- Restriccions per la taula `cançó`
--
ALTER TABLE `cançó`
  ADD CONSTRAINT `Cançó_Grup` FOREIGN KEY (`grup_ID`) REFERENCES `grup` (`ID`) ON DELETE CASCADE ON UPDATE CASCADE;

--
-- Restriccions per la taula `disc`
--
ALTER TABLE `disc`
  ADD CONSTRAINT `Disc_Local` FOREIGN KEY (`local_ID`) REFERENCES `local` (`ID`) ON DELETE CASCADE ON UPDATE CASCADE;

--
-- Restriccions per la taula `enregistrar`
--
ALTER TABLE `enregistrar`
  ADD CONSTRAINT `enregistrar_cançó` FOREIGN KEY (`cançó_ID`) REFERENCES `cançó` (`ID`) ON DELETE CASCADE ON UPDATE CASCADE,
  ADD CONSTRAINT `enregistrar_disc` FOREIGN KEY (`disc_ID`) REFERENCES `disc` (`ID`) ON DELETE CASCADE ON UPDATE CASCADE,
  ADD CONSTRAINT `enregistrar_grup` FOREIGN KEY (`grup_ID`) REFERENCES `grup` (`ID`) ON DELETE CASCADE ON UPDATE CASCADE;

--
-- Restriccions per la taula `interpretar`
--
ALTER TABLE `interpretar`
  ADD CONSTRAINT `interpretar_local` FOREIGN KEY (`local_ID`) REFERENCES `local` (`ID`) ON DELETE CASCADE ON UPDATE CASCADE,
  ADD CONSTRAINT `interpretar_grup` FOREIGN KEY (`grup_ID`) REFERENCES `grup` (`ID`) ON DELETE CASCADE ON UPDATE CASCADE;

/*!40101 SET CHARACTER_SET_CLIENT=@OLD_CHARACTER_SET_CLIENT */;
/*!40101 SET CHARACTER_SET_RESULTS=@OLD_CHARACTER_SET_RESULTS */;
/*!40101 SET COLLATION_CONNECTION=@OLD_COLLATION_CONNECTION */;
